<?xml version="1.0"?>
<!DOCTYPE liferay-portlet-app PUBLIC "-//Liferay//DTD Portlet Application 4.3.3//EN" "http://www.liferay.com/dtd/liferay-portlet-app_4_3_3.dtd">

<liferay-portlet-app>
	<portlet>
		<portlet-name>@portlet.name@</portlet-name>
		<icon>/icon.png</icon>
		<instanceable>true</instanceable>
		<header-portlet-css>/css/test.css</header-portlet-css>
		<header-portlet-javascript>/js/test.js</header-portlet-javascript>
	</portlet>
	<role-mapper>
		<role-name>administrator</role-name>
		<role-link>Administrator</role-link>
	</role-mapper>
	<role-mapper>
		<role-name>guest</role-name>
		<role-link>Guest</role-link>
	</role-mapper>
	<role-mapper>
		<role-name>power-user</role-name>
		<role-link>Power User</role-link>
	</role-mapper>
	<role-mapper>
		<role-name>user</role-name>
		<role-link>User</role-link>
	</role-mapper>
</liferay-portlet-app>