<?xml version="1.0" encoding="UTF-8"?>
<!DOCTYPE plugin-package PUBLIC "-//Liferay//DTD Plugin Package 5.3.0//EN" "http://www.liferay.com/dtd/liferay-plugin-package_5_3_0.dtd">

<plugin-package>
	<name>@layouttpl.display.name@ Templates</name>
	<module-id>liferay/@layouttpl.name@-layouttpl/5.3.0.1/war</module-id>
	<types>
		<type>layout-template</type>
	</types>
	<short-description>
		This plugin is a @layouttpl.display.name@ layout template.
	</short-description>
	<change-log></change-log>
	<page-url>http://www.liferay.com</page-url>
	<author>Liferay, Inc.</author>
	<licenses>
		<license osi-approved="true">MIT</license>
	</licenses>
	<liferay-versions>
		<liferay-version>5.3.0+</liferay-version>
	</liferay-versions>
</plugin-package>